Wf_address,Wf_zip
"327 Russell St Hadley, MA",01035
"255 Amherst Street Nashua, NH",03063
"40 Railroad St. Andover, MA",01810
"170 Great Rd Bedford, MA",01730
"4004 Bellaire Blvd Houston, TX",77025
"327 Russell St Hadley, MA",01035
"255 Amherst Street Nashua, NH",03063
"40 Railroad St. Andover, MA",01810
"170 Great Rd Bedford, MA",01730
"4004 Bellaire Blvd Houston, TX",77025
"5269 River Rd Bethesda, MD",20816
"255 Hartford Ave Bellingham, MA",02019
"15 Washington Street Brighton, MA",02135
"115 Prospect St Cambridge, MA",02139
"4420 Willard Ave. Chevy Chase, MD",20815
"475 Wilmington
West Chester Pike Glen Mills, PA",19342
"753 Cerrillos Rd Santa Fe, NM",87505
"2955 West Ray Road Chandler, AZ",85225
"151 Sockanosset Cross Road Cranston, RI",02920
"150 Ledge Road Darien, CT",06820
"821 W. Lancaster Ave Wayne, PA",19087
"300 Legacy Place Dedham, MA",02026
"3670 W. Dublin-Granville Rd Columbus, OH",43235
"905 River Road Edgewater, NJ",07020
"6350 West 3rd Street Los Angeles, CA",90036
"200 Alewife Brook Pkwy Cambridge, MA",02138
"575 Worcester Rd Framingham, MA",01701
"4501 Market Commons Dr Fairfax, VA",22033
"55 Welles Street Glastonbury, CT",06033
"331 North Glendale Ave Glendale, CA",91206
"2201 I Street NW Washington, DC",20037
"94 Derby Street
Derby Street Shoppes Hingham, MA",02043
"95 East Houston St New York, NY",10002
"1001 Fleet Street
Suite A Baltimore, MD",21202
"1575 The Fairway Jenkintown, PA",19046
"429 North Broadway Jericho, NY 1175",-2106
"413 Centre Street Jamaica Plain, MA",02130
"629 Kailua Road, Suite 100 Kailua, HI",96734
"2955 Kirby Dr Houston, TX",77098
"316 Kentlands Blvd Gaithersburg, MD 2087",-5454
"Lake Grove Commons
120 New Moriches Road Lake Grove, NY",11755
"4944 Shelbyville Road Louisville, KY",40207
"2151 Mystic Valley Parkway Medford, MA",02155
"226 East 57th Street
Between 2nd & 3rd Avenue New York, NY",10022
"2101 Northern Blvd Manhasset, NY",11030
"1686 Boston Post Road Milford, CT",06460
"701 Bloomfield Ave Montclair, NJ",07042
"1425 Montana Ave. Santa Monica, CA",90403
"940 Route 73 North Marlton, NJ",08053
"5805 Deerfield Boulevard Mason, OH",45040
"916 Walnut St Newton, MA",02461
"647 Washington Street Newtonville, MA",02458
"7133 N Oracle Rd Tucson, AZ",85704
"1700 Duke St Alexandria, VA",22314
"500 W. Germantown Pike Plymouth Meeting, PA",19462
"261 Waterman St Providence, RI",02906
"10810 N Tatum Blvd Phoenix, AZ",85028
"222 Main St Madison, NJ",07940
"44 Godwin Ave Ridgewood, NJ",07450
"11660 Plaza America Dr Reston, VA",20190
"340 River St Cambridge, MA",02139
"15900 Southwest Freeway Sugar Land, TX",77478
"929 South Street Philadelphia, PA",19147
"11173 West Broad Street Glen Allen, VA",23060
"1131 E. Wilmington Ave. Salt Lake City, UT",84106
"4530 40th St NW Tenley Circle Washington, DC",20016
"2655 Pacific Coast Hwy Torrance, CA",90505
"270 Greenwich Street New York, NY",10007
"7511 Leesburg Pike Falls Church, VA",22043
"601 N Main St Providence, RI",02904
"442 Washington Street Wellesley, MA",02482
"400 Cambridge Rd. Woburn, MA",01801
"235 Prospect Ave West Orange, NJ",07052
"399 Post Road West Westport, CT",06880
"10576 Perry Highway Wexford, PA",15090
"442 Washington Street Wellesley, MA",02482
"400 Cambridge Rd. Woburn, MA",01801
"235 Prospect Ave West Orange, NJ",07052
"399 Post Road West Westport, CT",06880
"10576 Perry Highway Wexford, PA",15090
"2600 Via De La Valle, Suite 100 Del Mar, CA",92014
"1028 Beacon Street Brookline, MA",02446
"5C Sugar Hollow Road Danbury, CT",06810
"35 Pleasant Street South Weymouth, MA",02190
"880 Main Street Melrose, MA 0217",-2346
"51 Austin St. Charlestown, MA",02129
"100 Market Street
(at MarketStreet Lynnfield) Lynnfield, MA",01940
"575 Boston Post Road Port Chester, NY",10573
"808 Massachusetts Avenue Arlington, MA",02476
"214 3rd Street Brooklyn, NY",11215
"44-459 Town Center Way Palm Desert, CA",92260
"990 Iyannough Road Hyannis, MA",02601
"2520 Glendale Blvd Los Angeles, CA",90039
"1925 Hughes Landing Blvd.
Suite 100 The Woodlands, TX",77380
"348 Harrison Avenue Boston, MA",02118
"1551 3rd Ave
between East 88th and East 87th Streets New York, NY",10128
"14615 W. 119th Street Olathe, KS",66062
"110 Washington Street Morristown, NJ",07960
"1050 Miamisburg Centerville Road Dayton, OH",45458
"4100 Easton Gateway Drive Columbus, OH",43219
"1255 Raritan Road Unit 150 Clark, NJ",07066
"788 S. Grand Avenue Los Angeles, CA",90017
"19607 Detroit Road Rocky River, OH",44116
"1933 State Road 35 Wall, NJ",07719
"6741 N MacArthur Blvd Irving, TX",75039
"121 South River Rd Bedford, NH",03110
"160 Littleton Road Westford, MA",01886
"520 12th St. South, Suite 100 Arlington, VA",22202
"238 Bedford Ave Brooklyn, NY",11249
"15 East Wynnewood Rd Wynnewood, PA",19096
"1745 W. Market Street Akron, OH",44313
"2101 Pennsylvania Avenue Philadelphia, PA",19130
"1095 Avenue of the Americas New York, NY",10036
"600 H Street, NE Washington, DC",20002
"536 Boston Post Road Sudbury, MA",01776
"6621-B Baltimore Ave Riverdale Park, MD",20737
"100 W 125th St. New York, NY",10027
"193 Boston Turnpike Shrewsbury, MA",01545
"292 Ashland Place Brooklyn, NY",11217
"1111 North Bethlehem Pike Spring House, PA",19477
"319 Chimney Rock Road Bound Brook, NJ",08805
"388 Kamakee Street
Suite 100 Honolulu, HI",96814
"301 E. 51st Street Kansas City, MO",64112
"1563 Fruitville Pike Lancaster, PA",17601
"480 N Bedford Road Chappaqua, NY",10514
"11355 Woodglen Drive Rockville, MD",20852
"3360 E. Speedway Blvd. Tucson, AZ",85716
"833 Wayne Ave Silver Spring, MD",20910
"21347 Ventura Blvd Woodland Hills, CA",91364
"Westchester's Ridge Hill
1 Ridge Hill Blvd. Yonkers, NY",10710
"45 Beacon Street Somerville, MA",02143
"2700 Wilson Blvd Arlington, VA",22201
"12601 Hill Country Blvd Bee Cave, TX",78738
"2693 Edmondson Rd. Cincinnati, OH",45209
"45 Vervalen Street Closter, NJ",07624
"13998 Cedar Rd. University Heights, OH",44118
"350 Grasmere Avenue Fairfield, CT",06824
"1555 W. Lane Ave Upper Arlington, OH",43221
"300 Bergen Town Center Paramus, NJ",07652
"303 Marshall Rd. Superior, CO",80027
"1800 Laskin Road Virginia Beach, VA",23454
"1558 North Kings Highway Cherry Hill, NJ",08034
"1425 Central Ave Albany, NY",12205
"320 S. Cambridge Lane Flagstaff, AZ",86001
"10275 Little Patuxent Pkwy Columbia, MD",21044
"19800 Belmont Chase Drive
Suite 160 Ashburn, VA",20147
"3301 Imperial Hwy.
corner Valencia Avenue Brea, CA",92823
"750 N. Krocks Road
Suite 301 Allentown, PA",18106
"633 Broad Street Newark, NJ",07102
"Northtown Plaza
3139 Sheridan Dr Amherst, NY",14226
"175 N. Pottstown Pike Exton, PA",19341
"3401 West Olive Avenue Burbank, CA",91505
"50 Wall St Orange, OH",44122
"3737 West Chester Pike Newtown Square, PA",19073
"2245 Springfield Ave. Vauxhall, NJ",07088
"250 7th Ave New York, NY",10001
"1440 P Street NW Washington, DC",20005
"4059 Finn Way Lexington, KY",40517
"120 Veterans Memorial Highway #34 Commack, NY",11725
"5880 Centre Ave. Pittsburgh, PA",15206
"4451 Main St. Westminster, CO",80031
"6930 S. Highland Drive Cottonwood Heights, UT",84121
"1420 West Hwy. 89A Sedona, AZ",86336
"4211 Wai'alae Avenue Honolulu, HI",96816
"11041 Westheimer Rd. Houston, TX",77042
"1555 Church St. Decatur, GA",30030
"3495 US Route 1 South Princeton, NJ",08540
"90 E. Putnam Ave. Greenwich, CT",06830
"3535 Northside Parkway Atlanta, GA",30327
"181 Cambridge St Boston, MA",02114
"331 Paradise Rd Swampscott, MA",01907
"5100 Belt Line Road, Suite 1012 Addison, TX",75254
"1797 Hydraulic Road Charlottesville, VA",22901
"101 H St. SE Washington, DC",20003
"8402 Old Keene Mill Rd Springfield, VA",22152
"340 N. Main St. West Hartford, CT",06117
"645 Middlesex Avenue Metuchen, NJ",08840
"215 S. IL Rte 83 Elmhurst, IL",60126
"2750 E. Grand River Ave. East Lansing, MI",48823
"222 Hennepin Avenue Minneapolis, MN",55401
"255 E. Grand Ave Chicago, IL",60611
"15 Westland Ave Boston, MA",02115
"2610 Highway 20 Bend, OR 9770",-6261
"12501 120th Ave NE Kirkland, WA",98034
"4420 Lougheed Highway Annapolis, MD",21401
"200 Harker PIace
Suite 100 Newport News, VA",23606
"12090 Jefferson Ave.
Suite 100 Santa Monica, CA",90404
"2121 Cloverfield Blvd Houston, TX",77018
"11 S State St. Lake Oswego, OR",97034
"888 116th Ave NE Bellevue, WA",98004
"1030 Lakeway Drive Bellingham, WA",98229
"7380 SW Bridgeport Rd. Tigard, OR",97224
"3515 Bridgeport Way West University Place, WA",98466
"353 E Broadway Eugene, OR",97401
"3535 NE 15th Ave. Portland, OR",97212
"4301 NE Sandy Blvd. Portland, OR",97213
"2001 15th Avenue W Seattle, WA",98119
"2825 East Burnside St. Portland, OR",97214
"2800 196th St. SW Lynnwood, WA",98036
"12220 SW Scholls Ferry Road Tigard, OR",97223
"1001 Broadway Seattle, WA",98122
"1210 NW Couch St Portland, OR",97209
"17991 NE Redmond Way Redmond, WA",98052
"1026 NE 64th Street Seattle, WA",98115
"19440 NW Cornell Rd. Hillsboro, OR",97124
"2210 Westlake Ave Seattle, WA",98121
"815 Southeast 160th Avenue Vancouver, WA",98683
"401 S. Broadway Avenue Boise, ID",83702
"1275 Alpine Ave. Boulder, CO",80304
"2905 Pearl St Boulder, CO",80301
"2201 S College Ave Fort Collins, CO",80525
"1250 South Hover Road
Suite 300 Longmont, CO",80501
"340 Reed Street Basalt, CO",81621
"261 Lusher Court Frisco, CO",80443
"7635 North Academy Blvd Colorado Springs, CO 8092",-3207
"2375 E. 1st Ave Denver, CO",80206
"870 S. Colorado Blvd. Glendale, CO",80246
"1701 Wewatta Street Denver, CO",80202
"305 East Altamonte Drive
Suite 1000 Altamonte Springs, FL",32701
"8003 Turkey Lake Road Orlando, FL",32819
"1111 S. Washington Street Denver, CO",80210
"21105 Biscayne Blvd Aventura, FL",33180
"1400 Glades Rd Boca Raton, FL",33431
"444 S.Wadsworth Blvd Lakewood, CO",80226
"3802 Northdale Blvd. Tampa, FL 3362",-1833
"27001 US 19 North
Westfield Countryside Mall Clearwater, FL",33761
"14357 W. Colfax Ave. Golden, CO",80401
"6701 Red Road Coral Gables, FL",33143
"810 University Drive Coral Springs, FL",33071
"7930 SW 104 Street Miami, FL",33156
"1903 S. University Drive
Town and Country Shoppes Plaza Davie, FL",33324
"4402 Legendary Drive Destin, FL",32541
"9366 S. Colorado Blvd. Highlands Ranch, CO",80126
"6891 Daniels Pkwy
Suite 100 Fort Myers, FL",33966
"3490 SW Archer Rd Gainesville, FL",32608
"5155 S. Wadsworth Blvd. Littleton, CO 8012",-2217
"10601 San Jose Blvd Jacksonville, FL",32257
"299 SE 3rd St. Miami, FL",33131
"6853 South York Street
Suite 119 Centennial, CO",80122
"9101 Strada Place Naples, FL",34108
"11701 Lake Victoria Gardens Ave Palm Beach Gardens, FL",33410
"7400 E. Hampden Ave Denver, CO",80231
"14956 Pines Blvd Pembroke Pines, FL",33027
"1423 N. Webb Rd.
Suite 101 Wichita, KS",67206
"2411 N Federal Highway Pompano Beach, FL",33062
"1451 1st Street Sarasota, FL",34236
"1020 Alton Road Miami Beach, FL",33139
"12150 Biscayne Blvd North Miami, FL",33181
"1817 Thomasville Road Tallahassee, FL",32303
"1548 North Dale Mabry Highway. Tampa, FL",33607
"6621 West 119th Street Overland Park, KS 6620",-2020
"5298 University Parkway Sarasota, FL",34243
"2635 State Road 7 Wellington, FL 3341",-9372
"1845 Palm Beach Lakes Boulevard West Palm Beach, FL",33401
"1030 N. Orlando Ave Winter Park, FL",32789
"5815 Wyoming Blvd NE Albuquerque, NM",87109
"2103 Carlisle Boulevard NE Albuquerque, NM",87110
"6598 N Landmark Drive Park City, UT",84098
"544 South 700 East Salt Lake City, UT",84102
"100 Pitt Street El Paso, TX",79912
"155 Square One Dr. Austin, TX",78749
"11700 Preston Rd Dallas, TX",75230
"Fairview Town Center
105 Stacy Road Fairview, TX",75069
"The Shops at Highland Village
4041 Waller Creek Highland Village, TX",75077
"4801 Colleyville Blvd Colleyville, TX",76034
"3720 Vision Drive Fort Worth, TX",76109
"701 Waugh Drive Houston, TX",77019
"6601 S. Fry Road Katy, TX",77494
"10133 Louetta Road Houston, TX",77070
"501 South Bowman Road Little Rock, AR",72211
"1380 E 70th St Shreveport, LA",71105
"1401 East 41st Street Tulsa, OK",74105
"6001 N. Western Ave. Oklahoma City, OK",73118
"9136 S. Yale Ave. Tulsa, OK",74137
"255 E. Basse Rd, Ste. 130 San Antonio, TX",78209
"18403 Blanco Road San Antonio, TX",78258
"5001 183 Toll Road
Building A Suite 100 Cedar Park, TX",78613
"2800 Old Milton Pkwy Alpharetta, GA",30009
"7250 W. Lake Mead Blvd. Las Vegas, NV",89128
"7871 Santa Monica Blvd West Hollywood, CA",90046
"7881 Edinger Ave Suite 150 Huntington Beach, CA",92647
"4701 N 20th Street Phoenix, AZ",85016
"20209 W. Rinaldi Street Porter Ranch, CA",91326
"6689 Las Vegas Blvd. Las Vegas, NV",89119
"6550 E. Pacific Coast Highway Long Beach, CA",90803
"2201 Wilshire Blvd Santa Monica, CA",90403
"3751 E. Foothill Blvd. Pasadena, CA",91107
"3881 Lakewood Blvd.
Suite A Long Beach, CA",90808
"23932 Aliso Creek Road Laguna Niguel, CA",92677
"283 Broadway St. Laguna Beach, CA",92651
"760 South Sepulveda Blvd. El Segundo, CA",90245
"650 Town Center Drive Oxnard, CA",93036
"11666 National Blvd Los Angeles, CA",90064
"1050 S. Gayley Ave Los Angeles, CA",90024
"2847 Park Avenue Tustin, CA",92782
"11737 San Vicente Blvd Los Angeles, CA",90049
"18700 Ventura Blvd Tarzana, CA",91356
"5055 Arco Street Cary, NC",27519
"8825 Villa La Jolla Dr La Jolla, CA 9203",-9994
"415 Newport Center Drive Newport Beach, CA",92660
"2153 W. Baseline Rd. Upland, CA",91784
"3761 State Street Santa Barbara, CA",93105
"6610 Fairview Rd. Charlotte, NC",28210
"100 S. Green Valley Pkwy Henderson, NV",89012
"405 North Pacific Coast Hwy Redondo Beach, CA",90277
"70 Merrimon Ave Asheville, NC",28801
"740 North Moorpark Rd Thousand Oaks, CA",91360
"5001 Peachtree Boulevard Chamblee, GA",30341
"12746 West Jefferson Blvd Suite #1100 Playa Vista, CA",90094
"102B New Waverly Place Cary, NC",27518
"5555 E. River Road Tucson, AZ 8575",-1949
"923 Houston Northcutt Blvd Mount Pleasant, SC",29464
"711 University Ave San Diego, CA",92103
"81 South Elliot Road Chapel Hill, NC",27514
"301 Manufacturers Rd Chattanooga, TN",37405
"8855 West Charleston Blvd. Las Vegas, NV",89117
"465 South Arroyo Parkway Pasadena, CA",91105
"8525 Irvine Center Drive Irvine, CA",92618
"239 North Crescent Dr Beverly Hills, CA",90210
"225 Lincoln Blvd. Venice, CA",90291
"24130 Valencia Blvd Santa Clarita, CA",91355
"5120 S. Rural Rd Tempe, AZ",85282
"1531 Froom Ranch Way San Luis Obispo, CA",93405
"12905 Riverside Drive Sherman Oaks, CA",91423
"4520 N. Sepulveda Blvd Sherman Oaks, CA",91403
"702 Cross Hill Rd + Fort Jackson Blvd
Suite 300 Columbia, SC 2920",-2084
"7111 East Mayo Boulevard Phoenix, AZ",85054
"621 Broad Street Durham, NC",27705
"5945 State Bridge Rd Johns Creek, GA",30097
"3202 West Friendly Avenue Greensboro, NC 2740",-7604
"4021 Hillsboro Pike Nashville, TN",37215
"7825 U.S. Highway 72 Germantown, TN 3813",-3906
"50 Shelter Cove Lane
Suite R Hilton Head Island, SC",29928
"2501 Memorial Pkwy SW Huntsville, AL",35801
"3780 Riverchase Village Hoover, AL",35244
"4500 I-55 North Suite 99
Exit 100 Jackson, MS",39211
"1300 Ernest Barrett Parkway Kennesaw, GA",30144
"4 South Tunnel Rd. Asheville, NC",28805
"6730 Papermill Drive Knoxville, TN",37919
"9129 Sam Furr Rd. Huntersville, NC",28078
"3100 Cahaba Village Plaza Birmingham, AL",35243
"1566 West McEwen Drive Franklin, TN",37067
"1311 Johnson Ferry Road NE
Suite 580 Marietta, GA",30068
"1450 Taylor Rd Montgomery, AL",36117
"3968 Airport Blvd Mobile, AL",36608
"8710 Six Forks Rd Raleigh, NC",27615
"650 Ponce de Leon Ave NE Atlanta, GA",30308
"5014 Poplar Avenue Memphis, TN",38117
"3540 Wade Ave Raleigh, NC",27607
"1815 E. Victory Drive
Suite 101 Savannah, GA",31404
"5930 Roswell Rd Atlanta, GA",30328
"400 East Stonewall St. Charlotte, NC",28202
"7221 Waverly Walk Ave. Charlotte, NC",28277
"1140 Woodruff Road Greenville, SC",29607
"41 Miller Street Winston-Salem, NC",27104
"3804 Oleander Drive Wilmington, NC",28403
"77 West Paces Ferry Rd NW Atlanta, GA",30305
"1125 Savannah Highway Charleston, SC",29407
"3420 Secor Road Toledo, OH",43606
"3135 Washtenaw Ave Ann Arbor, MI",48104
"2100 East Maple Road Birmingham, MI",48009
"6020 N Cicero Ave Chicago, IL",60646
"990 W. Eisenhower Parkway Ann Arbor, MI",48103
"14598 Clay Terrace Blvd. Carmel, IN",46032
"4577 West Pine Blvd St. Louis, MO",63108
"959 West Fullerton Avenue Chicago, IL",60614
"760 Waukegan Rd Deerfield, IL",60015
"7401 France Ave S Edina, MN",55435
"832 W 63rd Street Chicago, IL",60621
"1640 Chicago Ave Evanston, IL",60201
"9600 S. Western Ave Evergreen Park, IL",60805
"6009 North Broadway Chicago, IL",60660
"1601 S. Brentwood Blvd Saint Louis, MO",63144
"2748 Green Bay Road Evanston, IL",60201
"30 West Huron St Chicago, IL",60654
"3640 N Halsted St Chicago, IL",60613
"5118 S. Lake Park Ave Chicago, IL",60615
"500 E. Ogden Ave. Hinsdale, IL",60521
"320 E. Market St. Indianapolis, IN",46204
"1300 E. 86th St. Indianapolis, IN",46240
"1550 N. Kingsbury Street Chicago, IL",60642
"20281 N Rand Road Kildeer, IL",60074
"6055 O Street Lincoln, NE",68510
"3201 N. Ashland Avenue Chicago, IL",60657
"3313 University Ave Madison, WI",53705
"525 N Lamar Blvd. Austin, TX",78703
"115 Mack Ave. Detroit, MI",48201
"12201 Elm Creek Blvd N Maple Grove, MN",55369
"2305 N. Prospect Ave Milwaukee, WI",53211
"1001 Plymouth Road Minnetonka, MN",55305
"840 Willow Road Northbrook, IL",60062
"2607 W. 75th Street Naperville, IL",60540
"15260 S. LaGrange Road Orland Park, IL",60462
"225 W. Touhy Ave Park Ridge, IL",60068
"2918 Walton Blvd Rochester Hills, MI",48309
"10020 Regency Circle Omaha, NE",68114
"7245 Lake St River Forest, IL",60305
"4230 Grape Road Mishawaka, IN 4654",-1007
"750 N. Martingale Rd. Schaumburg, IL",60173
"1101 S. Canal St Chicago, IL",60607
"1575 Selby Ave. St Paul, MN",55104
"199 US HWY 41 Schererville, IN",46375
"1160 Town and Country Crossing Town and Country, MO",63017
"851 N. Milwaukee Avenue Vernon Hills, IL",60061
"11100 W. Burleigh Street Wauwatosa, WI",53222
"7350 Orchard Lake Road West Bloomfield, MI",48322
"6300 S. Robert Kingery Highway Willowbrook, IL",60527
"305 Radio Drive Woodbury, MN",55125
"4100 University Ave Suite #260 West Des Moines, IA",50266
"89 Danada Square East Wheaton, IL",60189
"1 N. Halsted Street Chicago, IL",60661
"CityLine DFW
1411 E. Renner Rd. Richardson, TX",75082
"11920 Domain Drive Austin, TX",78758
"9607 Research Blvd. Austin, TX",78759
"4100 Lomo Alto Dr Highland Park, TX",75219
"2118 Abrams Road Dallas, TX",75214
"8190 Park Lane, Suite 351 Dallas, TX",75231
"801 East Lamar Blvd. Arlington, TX",76011
"2201 Preston Road Plano, TX",75093
"1700 Post Oak Blvd
Suite 100 Houston, TX",77056
"2510 McKinney Ave Dallas, TX",75201
"1407 South Voss Rd Houston, TX",77057
"113 Route 9 South Marlboro, NJ",07726
"1330 Smith Ave Baltimore, MD",21209
"3425 N. College Avenue Fayetteville, AR",72703
"10 Columbus Circle
Lower Concourse Level of the Time Warner Center New York, NY",10019
"4247 Ambassador Caffery Parkway Lafayette, LA",70508
"7529 Corporate Blvd Baton Rouge, LA",70809
"3420 Veterans Memorial Blvd Metairie, LA",70002
"3450 Highway 190
Suite 8 Mandeville, LA",70471
"300 N Broad St
Suite 103 New Orleans, LA",70119
"5600 Magazine Street New Orleans, LA",70115
"70 East Kaahumanu Avenue #B Kahului, HI",96732
"3000 Telegraph Ave Berkeley, CA",94705
"777 The Alameda San Jose, CA",95126
"731 East Blithedale Mill Valley, CA",94941
"1146 Blossom Hill Road San Jose, CA",95118
"1690 South Bascom Ave Campbell, CA",95008
"1710 41st Avenue Capitola, CA",95010
"2001 Market Street San Francisco, CA",94114
"390 Coddingtown Mall Santa Rosa, CA",95401
"2085 Diamond Blvd. Concord, CA",94520
"5200 Dublin Blvd. Dublin, CA",94568
"1765 California St San Francisco, CA",94109
"270 Palladio Parkway Folsom, CA",95630
"3111 Mowry Avenue Fremont, CA",94538
"650 W. Shaw Ave. Fresno, CA",93704
"1025 Gilman Street Berkeley, CA",94710
"3502 Mt. Diablo Blvd. Lafayette, CA",94549
"4800 El Camino Real Los Altos, CA",94022
"15980 Los Gatos Blvd Los Gatos, CA",95032
"414 Miller Ave Mill Valley, CA",94941
"800 Del Monte Center Monterey, CA",93940
"3682 Bel Aire Plaza Napa, CA",94558
"3950 24th Street San Francisco, CA",94114
"790 De Long Avenue Novato, CA 9494",-7005
"230 Bay Place Oakland, CA",94612
"1150 Ocean Ave San Francisco, CA",94112
"774 Emerson Street Palo Alto, CA",94301
"621 E. Washington St Petaluma, CA",94952
"450 Rhode Island St San Francisco, CA",94107
"1250 Jefferson Ave Redwood City, CA",94062
"6139 S. Virginia Street Reno, NV",89502
"1001 Galleria Blvd. Roseville, CA",95678
"4315 Arden Way Sacramento, CA",95864
"1010 Park Place San Mateo, CA",94403
"340 Third St San Rafael, CA",94901
"100 Sunset Drive San Ramon, CA",94583
"2732 Augustine Drive
Suite 1600 Santa Clara, CA",95054
"911 Soquel Ave Santa Cruz, CA",95062
"1181 Yulupa Ave Santa Rosa, CA",95405
"6910 McKinley St Sebastopol, CA",95472
"Sonoma Marketplace
201 W.Napa St Sonoma, CA",95476
"399 4th Street San Francisco, CA",94107
"690 Stanyan Street San Francisco, CA 9411",-3305
"20955 Stevens Creek Blvd Cupertino, CA",95014
"1333 Newell Ave Walnut Creek, CA",94596
"2941 Ygnacio Valley Rd. Walnut Creek, CA",94598
"111 Siena Drive Upper St. Clair, PA",15241
"2000 N Federal Hwy Fort Lauderdale, FL",33305
"2 Somerset St Portland, ME",04101
"471 State Route 35 North Red Bank, NJ 0770",-5036
"1400 Waterfront Terrace Weehawken, NJ",07086
"5901 E. Galbraith Rd Sycamore Twp, OH",45236
"22 14th Street NW Atlanta, GA",30309
"3060 Excelsior Blvd Minneapolis, MN",55416
